array size,recursion limit,estimated time
20000,2,12310678
20000,4,20813687
20000,6,10592890
20000,8,20207149
20000,10,13383692
20000,12,12949616
20000,14,16032820
20000,16,7838111
20000,18,6884432
20000,20,5370300
20000,22,8923803
20000,24,4835805
20000,26,5969594
20000,28,5962349
20000,30,5087758
20000,32,20163278
20000,34,8687345
20000,36,13560984
20000,38,5033021
20000,40,5091381
20000,42,42381825
20000,44,6029765
20000,46,4780263
20000,48,8248238
20000,50,16502314
20000,52,4366111
20000,54,4389052
20000,56,4834196
20000,58,4334516
20000,60,8094491
20000,62,3763396
20000,64,2656775
20000,66,3337974
20000,68,4590695
20000,70,4336528
20000,72,14489910
20000,74,3135124
20000,76,4423464
20000,78,5302885
20000,80,4063445
20000,82,4001061
20000,84,4008708
20000,86,6610947
20000,88,11707762
20000,90,11962129
20000,92,12042223
20000,94,15858747
20000,96,13948171
20000,98,11893707
20000,100,14305775
20000,102,11887670
20000,104,3267137
20000,106,1155119
20000,108,987687
20000,110,1028740
20000,112,1144454
20000,114,788057
20000,116,791679
20000,118,807175
20000,120,875596
20000,122,1322954
20000,124,928523
20000,126,782020
20000,128,868553
20000,130,818444
20000,132,781416
20000,134,1006805
20000,136,1305446
20000,138,1058323
20000,140,852454
20000,142,1054499
20000,144,1304238
20000,146,1262380
20000,148,1184702
20000,150,1573900
20000,152,1196575
20000,154,1430617
20000,156,1226962
20000,158,1651378
20000,160,4333308
20000,162,1957465
20000,164,1424379
20000,166,1287133
20000,168,1193154
20000,170,1470262
20000,172,1006202
20000,174,796509
20000,176,1218912
20000,178,1233603
20000,180,1293573
20000,182,1192349
20000,184,1228572
20000,186,1244067
20000,188,1167797
20000,190,1123324
20000,192,680393
20000,194,689650
20000,196,1053896
20000,198,1174841
20000,200,1137612
20000,202,1143649
20000,204,1128757
20000,206,1076435
20000,208,1097162
20000,210,1107023
20000,212,1110847
20000,214,1099980
20000,216,1099778
20000,218,1163773
20000,220,1073617
20000,222,668117
20000,224,618612
20000,226,641755
20000,228,1011836
20000,230,1024715
20000,232,1065165
20000,234,971186
20000,236,1000164
20000,238,1054499
20000,240,828305
20000,242,1006604
20000,244,614588
20000,246,672947
20000,248,645579
20000,250,877407
20000,252,1058725
20000,254,1082673
20000,256,1078849
20000,258,1030753
20000,260,1022904
20000,262,1106419
20000,264,3164907
20000,266,1293975
20000,268,1777154
20000,270,1282303
20000,272,1078849
20000,274,1809553
20000,276,1008415
20000,278,7097345
20000,280,1013446
20000,282,1147271
20000,284,1125738
20000,286,1099779
20000,288,1352335
20000,290,1215894
20000,292,1276468
20000,294,1975979
20000,296,1033168
20000,298,1593421
27599,2,5969996
27599,4,5024971
27599,6,7719177
27599,8,3088033
27599,10,3314630
27599,12,3204753
27599,14,3029271
27599,16,3304367
27599,18,2895245
27599,20,2682735
27599,22,2794222
27599,24,3036918
27599,26,2994054
27599,28,2610490
27599,30,2918790
27599,32,2729624
27599,34,2433398
27599,36,2718757
27599,38,11833738
27599,40,2607269
27599,42,2716946
27599,44,7128940
27599,46,2391339
27599,48,2295749
27599,50,2185873
27599,52,2207204
27599,54,3701011
27599,56,2961252
27599,58,2440039
27599,60,2415689
27599,62,3377819
27599,64,2229340
27599,66,3334754
27599,68,4678033
27599,70,2145222
27599,72,2137575
27599,74,2182048
27599,76,2084045
27599,78,2062110
27599,80,1741735
27599,82,2093101
27599,84,2094711
27599,86,2056273
27599,88,2038766
27599,90,2020453
27599,92,2070361
27599,94,2018642
27599,96,2022868
27599,98,1995902
27599,100,2008177
27599,102,2305610
27599,104,1952031
27599,106,3808876
27599,108,1982620
27599,110,1839336
27599,112,1326777
27599,114,1863687
27599,116,1392784
27599,118,1137209
27599,120,1315910
27599,122,1967929
27599,124,1968131
27599,126,1730465
27599,128,1489380
27599,130,1225554
27599,132,1604690
27599,134,2891220
27599,136,1839940
27599,138,1927078
27599,140,2939518
27599,142,1415122
27599,144,1336437
27599,146,1083880
27599,148,1082270
27599,150,1090924
27599,152,1365818
27599,154,1397413
27599,156,1132580
27599,158,1681363
27599,160,1802308
27599,162,1754011
27599,164,1790033
27599,166,1852619
27599,168,1736302
27599,170,1807742
27599,172,2229743
27599,174,4019575
27599,176,1852820
27599,178,1794057
27599,180,1727447
27599,182,1766085
27599,184,2254093
27599,186,2771683
27599,188,1829274
27599,190,1785203
27599,192,2700243
27599,194,1346902
27599,196,1679149
27599,198,1326576
27599,200,1329595
27599,202,1452553
27599,204,1010427
27599,206,1071001
27599,208,1041821
27599,210,971790
27599,212,961124
27599,214,956294
27599,216,953074
27599,218,950055
27599,220,970180
27599,222,957300
27599,224,948244
27599,226,947641
27599,228,942811
27599,230,953678
27599,232,944220
27599,234,945024
27599,236,952873
27599,238,942408
27599,240,946836
27599,242,983864
27599,244,944018
27599,246,955086
27599,248,978028
27599,250,1076233
27599,252,1451949
27599,254,1664257
27599,256,1669490
27599,258,1242860
27599,260,934761
27599,262,932950
27599,264,1017874
27599,266,1077642
27599,268,900752
27599,270,833336
27599,272,828305
27599,274,863120
27599,276,894714
27599,278,999560
27599,280,1006403
27599,282,845813
27599,284,835349
27599,286,777391
27599,288,772159
27599,290,772159
27599,292,796106
27599,294,812005
27599,296,800936
27599,298,756663
38086,2,4858345
38086,4,2620753
38086,6,2402810
38086,8,2394156
38086,10,2376045
38086,12,2176012
38086,14,2193318
38086,16,2166151
38086,18,2408646
38086,20,2472238
38086,22,2184263
38086,24,1982217
38086,26,1954446
38086,28,2442051
38086,30,2256709
38086,32,3013976
38086,34,2504637
38086,36,2424544
38086,38,2226724
38086,40,2131739
38086,42,2093302
38086,44,2093704
38086,46,2125500
38086,48,1998920
38086,50,2198148
38086,52,2081027
38086,54,2679314
38086,56,2654360
38086,58,2116042
38086,60,2495380
38086,62,2354109
38086,64,3137337
38086,66,2002945
38086,68,1939957
38086,70,2390736
38086,72,1919430
38086,74,1862077
38086,76,2143210
38086,78,1942372
38086,80,1915808
38086,82,1939755
38086,84,1821426
38086,86,1803516
38086,88,2105577
38086,90,1783794
38086,92,1737509
38086,94,1730868
38086,96,1692029
38086,98,1657415
38086,100,1994493
38086,102,2697627
38086,104,2277437
38086,106,2272607
38086,108,1778562
38086,110,1843361
38086,112,2050639
38086,114,1913997
38086,116,1658623
38086,118,1753809
38086,120,1777556
38086,122,1634071
38086,124,2135965
38086,126,1810559
38086,128,2575072
38086,130,2677704
38086,132,2651140
38086,134,2354512
38086,136,1588994
38086,138,1833702
38086,140,1694846
38086,142,1571485
38086,144,2153674
38086,146,1588188
38086,148,1562430
38086,150,1556191
38086,152,1629242
38086,154,1556191
38086,156,1544721
38086,158,1552569
38086,160,1943378
38086,162,1563033
38086,164,1554380
38086,166,1633670
38086,168,1514736
38086,170,1420757
38086,172,1446717
38086,174,1527011
38086,176,1486361
38086,178,1472476
38086,180,1462011
38086,182,1396205
38086,184,1388156
38086,186,1408280
38086,188,1371050
38086,190,1358775
38086,192,1350725
38086,194,1525201
38086,196,1641316
38086,198,1367629
38086,200,1546935
38086,202,1575712
38086,204,2306415
38086,206,2151058
38086,208,1600263
38086,210,1670697
38086,212,1806333
38086,214,2280657
38086,216,1644334
38086,218,1385540
38086,220,1324162
38086,222,1323558
38086,224,1473884
38086,226,1465432
38086,228,1327985
38086,230,1323759
38086,232,1429611
38086,234,2538245
38086,236,2187080
38086,238,1614148
38086,240,1345493
38086,242,1323155
38086,244,1344487
38086,246,1322350
38086,248,1322350
38086,250,1322350
38086,252,1411902
38086,254,1323558
38086,256,1321948
38086,258,1320941
38086,260,1378697
38086,262,1326576
38086,264,1316112
38086,266,1312892
38086,268,1386546
38086,270,1308867
38086,272,1297195
38086,274,1289548
38086,276,1305245
38086,278,1276870
38086,280,1262380
38086,282,1255740
38086,284,1338651
38086,286,1337041
38086,288,1321545
38086,290,1222937
38086,292,1330400
38086,294,1395400
38086,296,1282102
38086,298,1202008
52558,2,6957684
52558,4,3909295
52558,6,3604215
52558,8,3374398
52558,10,3328314
52558,12,3294707
52558,14,3274583
52558,16,3021221
52558,18,3005323
52558,20,3034503
52558,22,2965277
52558,24,2994859
52558,26,2962862
52558,28,3120634
52558,30,2939518
52558,32,2786977
52558,34,2704871
52558,36,2659190
52558,38,2671667
52558,40,2655769
52558,42,2773092
52558,44,2886390
52558,46,2656574
52558,48,2878139
52558,50,2814748
52558,52,2863851
52558,54,2656373
52558,56,2643292
52558,58,2635444
52558,60,2611697
52558,62,2698834
52558,64,2507454
52558,66,2534018
52558,68,2363769
52558,70,2551124
52558,72,2334187
52558,74,2710707
52558,76,2320703
52558,78,2488136
52558,80,2313660
52558,82,2930261
52558,84,2354915
52558,86,2424544
52558,88,2345054
52558,90,2363568
52558,92,2383289
52558,94,2292530
52558,96,2358134
52558,98,2285889
52558,100,2301183
52558,102,2275827
52558,104,2302994
52558,106,2282468
52558,108,2296353
52558,110,2280657
52558,112,2277034
52558,114,2296353
52558,116,2277034
52558,118,2335998
52558,120,2269790
52558,122,2281260
52558,124,2247050
52558,126,2255502
52558,128,2382484
52558,130,2337809
52558,132,2310641
52558,134,2272406
52558,136,2262947
52558,138,2232963
52558,140,2258118
52558,142,2047620
52558,144,2054060
52558,146,2224511
52558,148,2103968
52558,150,2148844
52558,152,2074587
52558,154,2038564
52558,156,2163535
52558,158,2038162
52558,160,2113225
52558,162,2090283
52558,164,2037357
52558,166,2056877
52558,168,2036552
52558,170,2058487
52558,172,2043998
52558,174,2037961
52558,176,2072172
52558,178,2038162
52558,180,2060902
52558,182,2039370
52558,184,2027899
52558,186,2087466
52558,188,2026893
52558,190,2019044
52558,192,1993285
52558,194,1978997
52558,196,1991273
52558,198,1958068
52558,200,1950019
52558,202,1977187
52558,204,1942573
52558,206,1964910
52558,208,1942371
52558,210,1941366
52558,212,2130733
52558,214,1956458
52558,216,1964508
52558,218,1942975
52558,220,1941164
52558,222,1989663
52558,224,1941366
52558,226,1940560
52558,228,1968936
52558,230,1941969
52558,232,1975375
52558,234,2017434
52558,236,1941768
52558,238,2034540
52558,240,2039369
52558,242,1938347
52558,244,2131135
52558,246,1973966
52558,248,1947604
52558,250,1941969
52558,252,1919229
52558,254,1925468
52558,256,1911180
52558,258,1888842
52558,260,1915003
52558,262,1865900
52558,264,1992481
52558,266,1849399
52558,268,1837324
52558,270,1861875
52558,272,1829073
52558,274,1820219
52558,276,1832897
52558,278,1819615
52558,280,1853222
52558,282,1850807
52558,284,1823841
52558,286,1815993
52558,288,1880792
52558,290,1823640
52558,292,1847789
52558,294,1817804
52558,296,1815590
52558,298,1870730
72530,2,9743253
72530,4,5426446
72530,6,5331461
72530,8,5944439
72530,10,5363659
72530,12,4718080
72530,14,4544611
72530,16,4520261
72530,18,4502350
72530,20,4864986
72530,22,4519657
72530,24,4417628
72530,26,4406761
72530,28,5331863
72530,30,4439765
72530,32,4191233
72530,34,4061231
72530,36,4066866
72530,38,4085179
72530,40,4955946
72530,42,4423867
72530,44,4532335
72530,46,3843490
72530,48,3905673
72530,50,3779897
72530,52,3685516
72530,54,3619911
72530,56,3645268
72530,58,3632589
72530,60,3610252
72530,62,3605422
72530,64,3600793
72530,66,3577852
72530,68,3603007
72530,70,3600793
72530,72,3594958
72530,74,3573827
72530,76,3596567
72530,78,3648286
72530,80,3647280
72530,82,3872871
72530,84,3689339
72530,86,3533781
72530,88,3630175
72530,90,3386070
72530,92,3270961
72530,94,3254258
72530,96,3204350
72530,98,3173762
72530,100,3192074
72530,102,3202941
72530,104,3171749
72530,106,3194288
72530,108,3164303
72530,110,3328918
72530,112,3176176
72530,114,3296116
72530,116,3266936
72530,118,3162693
72530,120,3208979
72530,122,3180805
72530,124,3153637
72530,126,3174969
72530,128,3187647
72530,130,3845099
72530,132,3400962
72530,134,3140960
72530,136,3113591
72530,138,3133715
72530,140,3110371
72530,142,3236146
72530,144,3190062
72530,146,3289273
72530,148,3140758
72530,150,3342200
72530,152,3155650
72530,154,3131903
72530,156,3118420
72530,158,3136130
72530,160,3118420
72530,162,3125464
72530,164,3135325
72530,166,3109968
72530,168,3127677
72530,170,3097491
72530,172,3102925
72530,174,3074349
72530,176,3015184
72530,178,3125665
72530,180,2940725
72530,182,2932877
72530,184,2978961
72530,186,2966082
72530,188,2857210
72530,190,2927041
72530,192,2836483
72530,194,2795027
72530,196,2822999
72530,198,2788789
72530,200,3134318
72530,202,2819780
72530,204,2794625
72530,206,2805089
72530,208,2790801
72530,210,2829440
72530,212,2797039
72530,214,2815755
72530,216,2789593
72530,218,2797844
72530,220,2789392
72530,222,2807705
72530,224,2792009
72530,226,2811931
72530,228,2822798
72530,230,2787984
72530,232,2813944
72530,234,2788185
72530,236,2805089
72530,238,2786776
72530,240,2813340
72530,242,2787984
72530,244,2810724
72530,246,2786978
72530,248,2805290
72530,250,2787179
72530,252,2802876
72530,254,3006128
72530,256,3174969
72530,258,2809718
72530,260,2765847
72530,262,2923419
72530,264,2962861
72530,266,2755383
72530,268,2842922
72530,270,2718556
72530,272,2724593
72530,274,2678710
72530,276,2697023
72530,278,2673478
72530,280,2691589
72530,282,2658989
72530,284,2682333
72530,286,2657379
72530,288,2752767
72530,290,2693602
72530,292,2679918
72530,294,2657178
72530,296,2754980
72530,298,2682735
100091,2,13579498
100091,4,7751175
100091,6,7556776
100091,8,6840965
100091,10,6828488
100091,12,6853442
100091,14,6901337
100091,16,6279907
100091,18,6872761
100091,20,6383948
100091,22,6345712
100091,24,6333235
100091,26,6182506
100091,28,6177878
100091,30,5903386
100091,32,5613197
100091,34,5584017
100091,36,5779623
100091,38,5840196
100091,40,5639761
100091,42,5579389
100091,44,5675582
100091,46,5743802
100091,48,5661495
100091,50,5566107
100091,52,5707579
100091,54,5790893
100091,56,5669746
100091,58,5749638
100091,60,5660287
100091,62,5198038
100091,64,4995993
100091,66,5150948
100091,68,4970637
100091,70,4978887
100091,72,4946488
100091,74,4952324
100091,76,4934212
100091,78,4943067
100091,80,4944274
100091,82,4950311
100091,84,5033625
100091,86,4934413
100091,88,4914692
100091,90,4905234
100091,92,5448381
100091,94,4973253
100091,96,4947494
100091,98,4905837
100091,100,4987541
100091,102,5027386
100091,104,5122774
100091,106,5009879
100091,108,5048718
100091,110,4951117
100091,112,4908453
100091,114,4886921
100091,116,4900001
100091,118,4870016
100091,120,4853917
100091,122,4738606
100091,124,4622290
100091,126,4555679
100091,128,5767146
100091,130,4774427
100091,132,4501747
100091,134,4373758
100091,136,4363494
100091,138,4332906
100091,140,4440972
100091,142,4408371
100091,144,4359872
100091,146,4365910
100091,148,4348402
100091,150,4332101
100091,152,4346590
100091,154,4358463
100091,156,4337736
100091,158,4333510
100091,160,4333711
100091,162,4317410
100091,164,4334717
100091,166,4338339
100091,168,4336126
100091,170,4336729
100091,172,4342767
100091,174,4316404
100091,176,4836208
100091,178,4499332
100091,180,4447814
100091,182,4335321
100091,184,4349206
100091,186,4292658
100091,188,4271528
100091,190,4303123
100091,192,4293262
100091,194,4469749
100091,196,4296683
100091,198,4335925
100091,200,4509796
100091,202,4292255
100091,204,4485849
100091,206,4401328
100091,208,4426281
100091,210,4372550
100091,212,4289840
100091,214,4377582
100091,216,4301714
100091,218,4280986
100091,220,4276559
100091,222,4278571
100091,224,4262472
100091,226,4272735
100091,228,4317611
100091,230,4296079
100091,232,4287426
100091,234,4272534
100091,236,4239933
100091,238,4241341
100091,240,4309361
100091,242,4208338
100091,244,4152393
100091,246,4108925
100091,248,4084173
100091,250,4023801
100091,252,3993011
100091,254,3978320
100091,256,3967453
100091,258,4018971
100091,260,4027423
100091,262,3876493
100091,264,3966246
100091,266,3884140
100091,268,3847514
100091,270,3887561
100091,272,3891385
100091,274,4070891
100091,276,3859991
100091,278,3844294
100091,280,3825981
100091,282,3869852
100091,284,3852143
100091,286,4036881
100091,288,4932401
100091,290,4148771
100091,292,4143338
100091,294,4022996
100091,296,4078739
100091,298,3823164
138125,2,28685405
138125,4,18793838
138125,6,18224327
138125,8,19135946
138125,10,17359195
138125,12,16483196
138125,14,16757083
138125,16,17338668
138125,18,16596695
138125,20,17890872
138125,22,20112566
138125,24,21574577
138125,26,17126158
138125,28,16037046
138125,30,14956989
138125,32,14795795
138125,34,14940889
138125,36,16206289
138125,38,15022190
138125,40,14900641
138125,42,14291889
138125,44,13606263
138125,46,13260935
138125,48,13115237
138125,50,13110407
138125,52,14106949
138125,54,13556356
138125,56,13261136
138125,58,13504637
138125,60,13260130
138125,62,14097089
138125,64,13461773
138125,66,13256508
138125,68,13290718
138125,70,13510473
138125,72,13055669
138125,74,14128884
138125,76,13428568
138125,78,13553337
138125,80,13304201
138125,82,12921241
138125,84,12678948
138125,86,12115676
138125,88,12176249
138125,90,11536909
138125,92,11850240
138125,94,11451985
138125,96,11451381
138125,98,11436490
138125,100,11440716
138125,102,11423007
138125,104,11577962
138125,106,11712994
138125,108,11713396
138125,110,11429245
138125,112,11424616
138125,114,11431861
138125,116,11553813
138125,118,11726276
138125,120,11512357
138125,122,11413548
138125,124,11729898
138125,126,11516986
138125,128,11761896
138125,130,11378935
138125,132,11378130
138125,134,11377929
138125,136,11633504
138125,138,11681600
138125,140,11383765
138125,142,11404694
138125,144,12360787
138125,146,11538317
138125,148,11541739
138125,150,11404090
138125,152,11374105
138125,154,11899544
138125,156,11375313
138125,158,11383161
138125,160,11365049
138125,162,11357603
138125,164,11423208
138125,166,11624851
138125,168,11209290
138125,170,11146703
138125,172,10566528
138125,174,10333089
138125,176,10348987
138125,178,10320813
138125,180,9954958
138125,182,9903239
138125,184,9996414
138125,186,10322423
138125,188,9934633
138125,190,9901428
138125,192,9911088
138125,194,9878285
138125,196,9900020
138125,198,10176725
138125,200,10082948
138125,202,9915314
138125,204,9924973
138125,206,10467517
138125,208,10320008
138125,210,10187995
138125,212,10051755
138125,214,9888549
138125,216,9880902
138125,218,9890159
138125,220,9870638
138125,222,10289218
138125,224,10672380
138125,226,10692504
138125,228,10658696
138125,230,10211338
138125,232,10284590
138125,234,10151570
138125,236,9865607
138125,238,9896800
138125,240,9861985
138125,242,9880298
138125,244,9980516
138125,246,10196246
138125,248,9866815
138125,250,10460474
138125,252,10407346
138125,254,9930809
138125,256,9814693
138125,258,9815297
138125,260,9987358
138125,262,9938859
138125,264,9969448
138125,266,9858161
138125,268,10019355
138125,270,9993194
138125,272,9810669
138125,274,11211906
138125,276,9800808
138125,278,9802217
138125,280,10039479
138125,282,9812882
138125,284,9807852
138125,286,9786117
138125,288,9870437
138125,290,9782696
138125,292,9802418
138125,294,9778873
138125,296,10083148
138125,298,10388229
190612,2,40963684
190612,4,27974423
190612,6,27690473
190612,8,25475017
190612,10,26159436
190612,12,25566783
190612,14,23920235
190612,16,23865497
190612,18,23431824
190612,20,23333216
190612,22,23057919
190612,24,23294980
190612,26,23090319
190612,28,23176450
190612,30,22062987
190612,32,21323227
190612,34,21404528
190612,36,21003457
190612,38,21437331
190612,40,20749491
190612,42,20981119
190612,44,21820090
190612,46,22030990
190612,48,21164650
190612,50,21103876
190612,52,20726147
190612,54,20907062
190612,56,21593493
190612,58,19664403
190612,60,19303982
190612,62,18847770
190612,64,18568448
190612,66,19090063
190612,68,18695230
190612,70,18576296
190612,72,18367409
190612,74,19558551
190612,76,18327161
190612,78,18535042
190612,80,19268362
190612,82,18573278
190612,84,18958049
190612,86,19089460
190612,88,18421945
190612,90,18527596
190612,92,18409871
190612,94,18357548
190612,96,18667659
190612,98,18638279
190612,100,18402224
190612,102,18739704
190612,104,18694022
190612,106,18685973
190612,108,18478091
190612,110,18525182
190612,112,18721190
190612,114,18234389
190612,116,18444082
190612,118,17285742
190612,120,16596293
190612,122,16493459
190612,124,16640163
190612,126,16294834
190612,128,16431074
190612,130,16867564
190612,132,16339309
190612,134,16116133
190612,136,16787270
190612,138,16863339
190612,140,17446533
190612,142,16067433
190612,144,16997364
190612,146,16242311
190612,148,17014470
190612,150,16528474
190612,152,15990157
190612,154,16207697
190612,156,16295639
190612,158,16690272
190612,160,16410145
190612,162,16019739
190612,164,16653244
190612,166,16558862
190612,168,16027185
190612,170,16195824
190612,172,16259819
190612,174,15963191
190612,176,16353999
190612,178,16359634
190612,180,16687454
190612,182,16025776
190612,184,16150947
190612,186,16818260
190612,188,15952323
190612,190,16037851
190612,192,16757084
190612,194,16416987
190612,196,17217723
190612,198,16084739
190612,200,16980058
190612,202,16306104
190612,204,15956348
190612,206,16223797
190612,208,16479372
190612,210,16738972
190612,212,16215546
190612,214,16412762
190612,216,16078300
190612,218,16101040
190612,220,16778415
190612,222,16081318
190612,224,16197434
190612,226,15958159
190612,228,16442947
190612,230,16058176
190612,232,15627924
190612,234,15552258
190612,236,15039698
190612,238,15030441
190612,240,14640236
190612,242,14775068
190612,244,14656335
190612,246,14164504
190612,248,13955214
190612,250,14412834
190612,252,14153637
190612,254,14358902
190612,256,14418268
190612,258,13853386
190612,260,13897659
190612,262,14281224
190612,264,13925229
190612,266,15105906
190612,268,14135123
190612,270,14121439
190612,272,14205758
190612,274,13951994
190612,276,14148606
190612,278,14169133
190612,280,13900880
190612,282,14035106
190612,284,14139550
190612,286,13882767
190612,288,13982180
190612,290,15462907
190612,292,14716506
190612,294,13966484
190612,296,14100912
190612,298,14047785
263044,2,58035105
263044,4,40371031
263044,6,40456960
263044,8,38976435
263044,10,36095277
263044,12,35442251
263044,14,36949139
263044,16,35473243
263044,18,35961854
263044,20,32404528
263044,22,32348382
263044,24,33255775
263044,26,33323593
263044,28,33038033
263044,30,32542981
263044,32,32476774
263044,34,33734727
263044,36,33356396
263044,38,32527888
263044,40,30453302
263044,42,29094325
263044,44,29271216
263044,46,29703682
263044,48,28956476
263044,50,30006146
263044,52,29376062
263044,54,29021678
263044,56,30718738
263044,58,29451728
263044,60,29085672
263044,62,29821608
263044,64,29858837
263044,66,29719982
263044,68,29325752
263044,70,29187499
263044,72,29054882
263044,74,29136787
263044,76,29150270
263044,78,29013225
263044,80,28732495
263044,82,27308921
263044,84,26384020
263044,86,26732568
263044,88,25787946
263044,90,26098460
263044,92,25639230
263044,94,26529315
263044,96,26068073
263044,98,26010116
263044,100,25940084
263044,102,25651707
263044,104,26430104
263044,106,25714695
263044,108,26103089
263044,110,25697791
263044,112,26097252
263044,114,25727373
263044,116,25681692
263044,118,25806662
263044,120,26692320
263044,122,26173120
263044,124,25569600
263044,126,26388448
263044,128,26002267
263044,130,26767584
263044,132,25687326
263044,134,26172718
263044,136,25710267
263044,138,26298291
263044,140,25681490
263044,142,26746052
263044,144,25568595
263044,146,27022958
263044,148,25908087
263044,150,25571814
263044,152,25970472
263044,154,25609647
263044,156,27102247
263044,158,25505204
263044,160,25606830
263044,162,24737069
263044,164,24840708
263044,166,24073580
263044,168,23285321
263044,170,22703736
263044,172,22723659
263044,174,23074220
263044,176,22777793
263044,178,22420994
263044,180,22893103
263044,182,22838165
263044,184,23029142
263044,186,22974204
263044,188,22860100
263044,190,22851246
263044,192,22612776
263044,194,22462852
263044,196,22794697
263044,198,22626259
263044,200,23096759
263044,202,22968569
263044,204,22905379
263044,206,22424818
263044,208,22532079
263044,210,22686027
263044,212,22424213
263044,214,23326575
263044,216,22662885
263044,218,22496258
263044,220,23108834
263044,222,22474725
263044,224,22650408
263044,226,23004390
263044,228,22634308
263044,230,22589432
263044,232,22574339
263044,234,23072811
263044,236,22540329
263044,238,23008817
263044,240,22847824
263044,242,22768938
263044,244,23290755
263044,246,22576351
263044,248,22405498
263044,250,22741771
263044,252,22661476
263044,254,22658860
263044,256,23355957
263044,258,22629277
263044,260,22543348
263044,262,23202007
263044,264,22976015
263044,266,22779000
263044,268,23147069
263044,270,22842995
263044,272,22755656
263044,274,23091728
263044,276,24017232
263044,278,22405699
263044,280,22959110
263044,282,22434678
263044,284,22610763
263044,286,22844604
263044,288,22467882
263044,290,22343114
263044,292,22554215
263044,294,22888274
263044,296,22921479
263044,298,22519601
363000,2,83311700
363000,4,57173998
363000,6,54227637
363000,8,53728359
363000,10,54563708
363000,12,53513234
363000,14,50035398
363000,16,50253341
363000,18,49380360
363000,20,49595084
363000,22,49109088
363000,24,50548360
363000,26,49382977
363000,28,45255939
363000,30,44875796
363000,32,44946834
363000,34,45283308
363000,36,44874991
363000,38,44945426
363000,40,44848025
363000,42,44947035
363000,44,44607945
363000,46,46084647
363000,48,46126706
363000,50,45906549
363000,52,45217704
363000,54,45041216
363000,56,41298346
363000,58,41643876
363000,60,40959860
363000,62,40660615
363000,64,39996724
363000,66,40609903
363000,68,41123468
363000,70,41989204
363000,72,40523570
363000,74,40704888
363000,76,40273832
363000,78,40685771
363000,80,41048003
363000,82,41264940
363000,84,40270410
363000,86,40926856
363000,88,40576698
363000,90,41121858
363000,92,40608494
363000,94,39884230
363000,96,41521321
363000,98,40202995
363000,100,40377672
363000,102,39937559
363000,104,40965092
363000,106,40165564
363000,108,40613324
363000,110,39606317
363000,112,38343333
363000,114,36294907
363000,116,37187609
363000,118,35809112
363000,120,35626588
363000,122,36777884
363000,124,35731837
363000,126,35905708
363000,128,35555952
363000,130,35421926
363000,132,36408004
363000,134,35498800
363000,136,36224473
363000,138,36425714
363000,140,35380068
363000,142,35878541
363000,144,35346059
363000,146,36028062
363000,148,36105942
363000,150,35840909
363000,152,36440605
363000,154,38728708
363000,156,51206818
363000,158,40903311
363000,160,45345089
363000,162,41653334
363000,164,43391246
363000,166,37417024
363000,168,37144544
363000,170,35383489
363000,172,35717347
363000,174,36218234
363000,176,36423499
363000,178,36061066
363000,180,35841512
363000,182,35665025
363000,184,35434202
363000,186,35923015
363000,188,35973124
363000,190,36911910
363000,192,35657579
363000,194,36455698
363000,196,36224271
363000,198,36289675
363000,200,35664823
363000,202,35711914
363000,204,35355718
363000,206,35874516
363000,208,35530596
363000,210,36238559
363000,212,35319294
363000,214,35554543
363000,216,36911709
363000,218,35593987
363000,220,35965074
363000,222,34617770
363000,224,34359579
363000,226,33744789
363000,228,32360457
363000,230,31983936
363000,232,31682075
363000,234,31871040
363000,236,32205904
363000,238,31763376
363000,240,31943084
363000,242,32944054
363000,244,31663360
363000,246,31793361
363000,248,31103912
363000,250,31108138
363000,252,31252226
363000,254,31139531
363000,256,31141342
363000,258,31411407
363000,260,31200306
363000,262,31649675
363000,264,31659738
363000,266,31048571
363000,268,32204294
363000,270,30935071
363000,272,31176157
363000,274,31011341
363000,276,30972502
363000,278,31334936
363000,280,31694754
363000,282,32226632
363000,284,31266715
363000,286,31258062
363000,288,31118200
363000,290,32114541
363000,292,31701998
363000,294,31768609
363000,296,31215600
363000,298,31680667
500939,2,119315010
500939,4,81009913
500939,6,79934484
500939,8,79868678
500939,10,76391849
500939,12,75153616
500939,14,74476443
500939,16,74587326
500939,18,73727023
500939,20,68812331
500939,22,68393953
500939,24,68332574
500939,26,68974933
500939,28,70778249
500939,30,68955213
500939,32,68753569
500939,34,68713321
500939,36,68314664
500939,38,64487676
500939,40,62342051
500939,42,61787232
500939,44,62539065
500939,46,62640289
500939,48,63580283
500939,50,62336416
500939,52,63119845
500939,54,62609902
500939,56,63423114
500939,58,62052667
500939,60,63551505
500939,62,62245053
500939,64,61711163
500939,66,63848536
500939,68,62141817
500939,70,62865276
500939,72,62104387
500939,74,63911726
500939,76,61165600
500939,78,56324562
500939,80,56052283
500939,82,57551122
500939,84,56719596
500939,86,56754009
500939,88,61592632
500939,90,55572728
500939,92,55709772
500939,94,56363602
500939,96,55818040
500939,98,56401033
500939,100,57379665
500939,102,56244267
500939,104,69196700
500939,106,59154203
500939,108,55550591
500939,110,55920873
500939,112,57155282
500939,114,55670933
500939,116,56014450
500939,118,56596840
500939,120,55243096
500939,122,56187517
500939,124,56117083
500939,126,55678580
500939,128,57351491
500939,130,56084884
500939,132,55536102
500939,134,57584326
500939,136,55548579
500939,138,55617604
500939,140,56197982
500939,142,56083878
500939,144,55815826
500939,146,56021091
500939,148,55715608
500939,150,55310713
500939,152,55569307
500939,154,55314134
500939,156,52734031
500939,158,51297577
500939,160,49247743
500939,162,49886681
500939,164,49603737
500939,166,49490036
500939,168,49614001
500939,170,49187573
500939,172,49238889
500939,174,49761510
500939,176,49700332
500939,178,49647407
500939,180,50002595
500939,182,49593071
500939,184,49254384
500939,186,49532699
500939,188,50592632
500939,190,50019500
500939,192,49213934
500939,194,49283564
500939,196,49619233
500939,198,49884065
500939,200,49385794
500939,202,49148733
500939,204,49644388
500939,206,49392032
500939,208,49302682
500939,210,49599310
500939,212,49140482
500939,214,50227986
500939,216,49869978
500939,218,51007993
500939,220,49780628
500939,222,49382373
500939,224,49705967
500939,226,49275514
500939,228,49132030
500939,230,49706772
500939,232,49291211
500939,234,49029599
500939,236,49232851
500939,238,49644589
500939,240,48659115
500939,242,49437110
500939,244,49690472
500939,246,49548799
500939,248,49523241
500939,250,49695302
500939,252,50053107
500939,254,49325825
500939,256,49248145
500939,258,49370298
500939,260,49360840
500939,262,49313146
500939,264,50561843
500939,266,50250524
500939,268,50842170
500939,270,50623624
500939,272,50113479
500939,274,49241103
500939,276,49667933
500939,278,49387203
500939,280,49600115
500939,282,51260348
500939,284,49187774
500939,286,49757687
500939,288,49295035
500939,290,50982234
500939,292,49036441
500939,294,49979654
500939,296,49178315
500939,298,49396057
691295,2,174719903
691295,4,117495596
691295,6,113044561
691295,8,112299569
691295,10,111058722
691295,12,107340403
691295,14,102814507
691295,16,103495504
691295,18,104838784
691295,20,104310327
691295,22,103878063
691295,24,106186491
691295,26,95692410
691295,28,94124344
691295,30,94770125
691295,32,94928904
691295,34,94420771
691295,36,94617384
691295,38,93908615
691295,40,96181222
691295,42,93882655
691295,44,94937154
691295,46,94927293
691295,48,94467862
691295,50,95104788
691295,52,92695135
691295,54,87962968
691295,56,86058631
691295,58,85668425
691295,60,85380652
691295,62,86038506
691295,64,85650717
691295,66,86380011
691295,68,85638643
691295,70,86503975
691295,72,85652528
691295,74,86619085
691295,76,84985617
691295,78,86014761
691295,80,85258700
691295,82,85795408
691295,84,85876508
691295,86,85408423
691295,88,85289893
691295,90,85539230
691295,92,85273391
691295,94,86045550
691295,96,84870709
691295,98,85259505
691295,100,86207146
691295,102,86411807
691295,104,84997490
691295,106,83504689
691295,108,77975007
691295,110,77590839
691295,112,77774974
691295,114,76337312
691295,116,76503134
691295,118,76942844
691295,120,77108466
691295,122,76242327
691295,124,77243095
691295,126,76169880
691295,128,77627867
691295,130,76425456
691295,132,77693270
691295,134,77110880
691295,136,76456648
691295,138,76054972
691295,140,76735366
691295,142,76535333
691295,144,76666139
691295,146,77601102
691295,148,77371285
691295,150,76599931
691295,152,77013279
691295,154,77309706
691295,156,76026597
691295,158,76573568
691295,160,82934374
691295,162,77230618
691295,164,76073486
691295,166,76436322
691295,168,77357802
691295,170,76511385
691295,172,77320573
691295,174,76211537
691295,176,75909073
691295,178,76735165
691295,180,77489816
691295,182,76537144
691295,184,76185980
691295,186,76655876
691295,188,76660102
691295,190,77295418
691295,192,76593089
691295,194,77474924
691295,196,77503097
691295,198,75997015
691295,200,76598925
691295,202,77331239
691295,204,76830955
691295,206,77439707
691295,208,75915110
691295,210,76091598
691295,212,74876710
691295,214,79060698
691295,216,72261591
691295,218,68477065
691295,220,68230747
691295,222,68263348
691295,224,68207403
691295,226,68303193
691295,228,68800458
691295,230,67573898
691295,232,68424541
691295,234,68299571
691295,236,67349515
691295,238,67826656
691295,240,67792244
691295,242,67438061
691295,244,67329995
691295,246,77293808
691295,248,68777316
691295,250,67799690
691295,252,68012602
691295,254,68109802
691295,256,67288540
691295,258,67488773
691295,260,67787817
691295,262,67889644
691295,264,67480522
691295,266,67570477
691295,268,67401435
691295,270,67292765
691295,272,68472034
691295,274,67205830
691295,276,68732640
691295,278,67026927
691295,280,67219917
691295,282,68191102
691295,284,67223740
691295,286,69232521
691295,288,70903420
691295,290,68418504
691295,292,67434640
691295,294,67736299
691295,296,68086055
691295,298,68518118
953987,2,240789329
953987,4,164385808
953987,6,164445979
953987,8,157193276
953987,10,154549179
953987,12,154255368
953987,14,153913461
953987,16,155920833
953987,18,142327248
953987,20,141814890
953987,22,142569541
953987,24,142946464
953987,26,142106688
953987,28,143216730
953987,30,142637359
953987,32,141875262
953987,34,143760482
953987,36,134551320
953987,38,131402512
953987,40,131293038
953987,42,130843466
953987,44,131477575
953987,46,131345561
953987,48,130732784
953987,50,130541405
953987,52,131680627
953987,54,130370149
953987,56,130831996
953987,58,130347007
953987,60,131815457
953987,62,130519067
953987,64,132077875
953987,66,130898606
953987,68,131576182
953987,70,131117355
953987,72,130213182
953987,74,120585843
953987,76,119094048
953987,78,118154054
953987,80,118628579
953987,82,117735675
953987,84,118152042
953987,86,118502803
953987,88,117857023
953987,90,117440858
953987,92,119158847
953987,94,120349586
953987,96,117412081
953987,98,118599399
953987,100,118854974
953987,102,117639483
953987,104,120178733
953987,106,118358514
953987,108,118744090
953987,110,118603625
953987,112,117472453
953987,114,118068124
953987,116,120128021
953987,118,119427704
953987,120,119488277
953987,122,118684121
953987,124,119565755
953987,126,118150029
953987,128,117915987
953987,130,118024657
953987,132,119195876
953987,134,118126283
953987,136,119377596
953987,138,119292270
953987,140,117782363
953987,142,118302569
953987,144,123394353
953987,146,116326188
953987,148,111319529
953987,150,106291337
953987,152,105886844
953987,154,105346715
953987,156,105042238
953987,158,105598265
953987,160,109864762
953987,162,106353520
953987,164,105743963
953987,166,105751208
953987,168,105747384
953987,170,107531179
953987,172,105301234
953987,174,106277250
953987,176,106238612
953987,178,105466855
953987,180,107993428
953987,182,105857462
953987,184,105214499
953987,186,109794731
953987,188,106878355
953987,190,105615975
953987,192,106790212
953987,194,106301801
953987,196,105939568
953987,198,107185448
953987,200,106778137
953987,202,106736480
953987,204,105212890
953987,206,105862091
953987,208,105604101
953987,210,105580154
953987,212,106027511
953987,214,106307235
953987,216,106464203
953987,218,106746341
953987,220,105912200
953987,222,104931556
953987,224,105239051
953987,226,105511933
953987,228,105927495
953987,230,107265340
953987,232,106144230
953987,234,105816007
953987,236,106182869
953987,238,105466251
953987,240,105576934
953987,242,106056289
953987,244,105362210
953987,246,106009600
953987,248,106876141
953987,250,105451159
953987,252,107229721
953987,254,105731084
953987,256,105202828
953987,258,106840119
953987,260,106241832
953987,262,105733298
953987,264,106048440
953987,266,105077656
953987,268,104890101
953987,270,105667693
953987,272,105884831
953987,274,105195583
953987,276,106070576
953987,278,106229154
953987,280,106695025
953987,282,106041196
953987,284,106350501
953987,286,106349093
953987,288,105622816
953987,290,105336854
953987,292,104810812
953987,294,104150139
953987,296,102103726
953987,298,97657924
1316502,2,334405743
1316502,4,240443598
1316502,6,228946132
1316502,8,230174704
1316502,10,228000705
1316502,12,227593394
1316502,14,215123133
1316502,16,213693924
1316502,18,214368683
1316502,20,214483792
1316502,22,214918068
1316502,24,209814210
1316502,26,200122474
1316502,28,198352565
1316502,30,196651682
1316502,32,198322178
1316502,34,198791471
1316502,36,198570307
1316502,38,198412535
1316502,40,197295651
1316502,42,197799959
1316502,44,196157637
1316502,46,204142251
1316502,48,197507960
1316502,50,189345852
1316502,52,180200282
1316502,54,182011848
1316502,56,181517400
1316502,58,181588036
1316502,60,181213728
1316502,62,182012452
1316502,64,180968618
1316502,66,179779690
1316502,68,180300902
1316502,70,180508583
1316502,72,182373679
1316502,74,179298926
1316502,76,180562716
1316502,78,179332533
1316502,80,183563813
1316502,82,179709859
1316502,84,181646999
1316502,86,181080105
1316502,88,182529438
1316502,90,180294060
1316502,92,180533737
1316502,94,181257800
1316502,96,181264038
1316502,98,180902409
1316502,100,180076318
1316502,102,167555947
1316502,104,162679894
1316502,106,165571114
1316502,108,163070702
1316502,110,163268924
1316502,112,162902264
1316502,114,164180140
1316502,116,162806071
1316502,118,163650677
1316502,120,163595135
1316502,122,162595372
1316502,124,162948750
1316502,126,165236652
1316502,128,164108298
1316502,130,163249202
1316502,132,162652928
1316502,134,162483081
1316502,136,162212815
1316502,138,162881134
1316502,140,163752504
1316502,142,164204088
1316502,144,163519469
1316502,146,162712494
1316502,148,162711086
1316502,150,162394937
1316502,152,165066202
1316502,154,163899411
1316502,156,164029411
1316502,158,162334163
1316502,160,163643633
1316502,162,163194666
1316502,164,164813846
1316502,166,170428452
1316502,168,162777697
1316502,170,163142947
1316502,172,163515041
1316502,174,162862821
1316502,176,162928425
1316502,178,163349018
1316502,180,164678411
1316502,182,162568205
1316502,184,163589702
1316502,186,162852960
1316502,188,165474116
1316502,190,162633608
1316502,192,163604794
1316502,194,163632766
1316502,196,164994158
1316502,198,163869224
1316502,200,163329699
1316502,202,160984846
1316502,204,155784996
1316502,206,148680809
1316502,208,145039365
1316502,210,146346219
1316502,212,146121635
1316502,214,145725997
1316502,216,145650129
1316502,218,145538038
1316502,220,145749340
1316502,222,144731869
1316502,224,152189837
1316502,226,145637048
1316502,228,146876689
1316502,230,147507578
1316502,232,146776069
1316502,234,145704061
1316502,236,146248618
1316502,238,146303758
1316502,240,145736260
1316502,242,147555472
1316502,244,146158663
1316502,246,146310398
1316502,248,144928481
1316502,250,145669046
1316502,252,147429295
1316502,254,145451908
1316502,256,146471391
1316502,258,146562150
1316502,260,146193076
1316502,262,146147796
1316502,264,149175257
1316502,266,146384455
1316502,268,146072532
1316502,270,148615808
1316502,272,146667399
1316502,274,146316033
1316502,276,145131734
1316502,278,145631011
1316502,280,148798534
1316502,282,179371172
1316502,284,271592387
1316502,286,208593889
1316502,288,165455199
1316502,290,147595720
1316502,292,145310636
1316502,294,154725264
1316502,296,148672156
1316502,298,146098694
1816772,2,477223414
1816772,4,337174810
1816772,6,338291694
1816772,8,318935792
1816772,10,320402834
1816772,12,316611868
1816772,14,316015190
1816772,16,311715892
1816772,18,293869091
1816772,20,295929792
1816772,22,296324828
1816772,24,295942471
1816772,26,314391382
1816772,28,295100682
1816772,30,294579671
1816772,32,295042524
1816772,34,285300880
1816772,36,271741908
1816772,38,270025127
1816772,40,274003045
1816772,42,270416338
1816772,44,270713972
1816772,46,271252491
1816772,48,271863256
1816772,50,269732523
1816772,52,273565548
1816772,54,270658430
1816772,56,271443469
1816772,58,270489590
1816772,60,269763917
1816772,62,271814959
1816772,64,273365717
1816772,66,269823283
1816772,68,270773741
1816772,70,254131767
1816772,72,250131108
1816772,74,250951967
1816772,76,251117990
1816772,78,247725883
1816772,80,250010364
1816772,82,249374645
1816772,84,247367071
1816772,86,247475137
1816772,88,247971799
1816772,90,247604938
1816772,92,249853798
1816772,94,246610810
1816772,96,247055753
1816772,98,248698478
1816772,100,249089488
1816772,102,246417418
1816772,104,246050154
1816772,106,248173643
1816772,108,262665162
1816772,110,250260505
1816772,112,253191169
1816772,114,250530972
1816772,116,248698880
1816772,118,247421808
1816772,120,246365095
1816772,122,251800195
1816772,124,246664742
1816772,126,250379841
1816772,128,245913512
1816772,130,247591253
1816772,132,249805098
1816772,134,246565933
1816772,136,249671475
1816772,138,257348191
1816772,140,238250078
1816772,142,224475779
1816772,144,224514014
1816772,146,224267093
1816772,148,225512166
1816772,150,224393673
1816772,152,226562842
1816772,154,223177577
1816772,156,222345448
1816772,158,223256262
1816772,160,222461564
1816772,162,223423895
1816772,164,224590687
1816772,166,224594913
1816772,168,223998236
1816772,170,224458472
1816772,172,222190493
1816772,174,223427316
1816772,176,222554135
1816772,178,222310030
1816772,180,223973684
1816772,182,225355199
1816772,184,225191993
1816772,186,224985520
1816772,188,224995582
1816772,190,222379458
1816772,192,222138171
1816772,194,226421773
1816772,196,222003138
1816772,198,224421645
1816772,200,222738269
1816772,202,222165539
1816772,204,223389685
1816772,206,222435403
1816772,208,223673232
1816772,210,223553494
1816772,212,224711833
1816772,214,223417254
1816772,216,224744636
1816772,218,224850690
1816772,220,225026171
1816772,222,224722096
1816772,224,223032281
1816772,226,223484670
1816772,228,225554427
1816772,230,222592370
1816772,232,224980288
1816772,234,222781939
1816772,236,224664542
1816772,238,224214770
1816772,240,223663975
1816772,242,223967848
1816772,244,223463741
1816772,246,222604646
1816772,248,223337362
1816772,250,222642680
1816772,252,223087622
1816772,254,224721090
1816772,256,224669372
1816772,258,223572209
1816772,260,223012158
1816772,262,223103923
1816772,264,222483902
1816772,266,222138774
1816772,268,224655084
1816772,270,223717505
1816772,272,225862727
1816772,274,223593742
1816772,276,223368957
1816772,278,222822991
1816772,280,221314091
1816772,282,215622812
1816772,284,204893481
1816772,286,200282058
1816772,288,200420712
1816772,290,199747564
1816772,292,215298413
1816772,294,200337802
1816772,296,199056705
1816772,298,199754406
2507145,2,675138081
2507145,4,489695889
2507145,6,464423722
2507145,8,465900826
2507145,10,469586946
2507145,12,436631019
2507145,14,437614883
2507145,16,440446536
2507145,18,439245735
2507145,20,438721503
2507145,22,435395000
2507145,24,409881143
2507145,26,407063376
2507145,28,406888498
2507145,30,410457496
2507145,32,406349174
2507145,34,406385196
2507145,36,404790567
2507145,38,406022761
2507145,40,405120400
2507145,42,406935588
2507145,44,406255396
2507145,46,406502921
2507145,48,376484701
2507145,50,374492421
2507145,52,375056096
2507145,54,375409675
2507145,56,373838994
2507145,58,374740551
2507145,60,375823425
2507145,62,371921575
2507145,64,375637277
2507145,66,373777616
2507145,68,375233187
2507145,70,373275722
2507145,72,374064383
2507145,74,374115095
2507145,76,376829828
2507145,78,374449557
2507145,80,375426579
2507145,82,376229930
2507145,84,375627015
2507145,86,376075780
2507145,88,376372610
2507145,90,552980752
2507145,92,476635189
2507145,94,377646461
2507145,96,369203825
2507145,98,347235017
2507145,100,353443685
2507145,102,352996730
2507145,104,344472188
2507145,106,343837275
2507145,108,342537262
2507145,110,344614264
2507145,112,344509015
2507145,114,344345609
2507145,116,343960636
2507145,118,344055017
2507145,120,344775055
2507145,122,343648713
2507145,124,343228724
2507145,126,344590115
2507145,128,342824231
2507145,130,345309952
2507145,132,343132129
2507145,134,345143124
2507145,136,344014971
2507145,138,343293323
2507145,140,343899257
2507145,142,344379014
2507145,144,343236774
2507145,146,343591762
2507145,148,343184451
2507145,150,344083594
2507145,152,343053243
2507145,154,349730398
2507145,156,346605537
2507145,158,344354866
2507145,160,344535177
2507145,162,343480275
2507145,164,344029057
2507145,166,344076148
2507145,168,344529139
2507145,170,343432581
2507145,172,345375355
2507145,174,345106700
2507145,176,345086776
2507145,178,346759688
2507145,180,343747119
2507145,182,344837440
2507145,184,343566808
2507145,186,343003536
2507145,188,342836507
2507145,190,352412127
2507145,192,343094899
2507145,194,332216047
2507145,196,312336316
2507145,198,311518676
2507145,200,314935335
2507145,202,312065044
2507145,204,312163048
2507145,206,311657734
2507145,208,309669881
2507145,210,311788137
2507145,212,316132917
2507145,214,314138825
2507145,216,323737589
2507145,218,313114512
2507145,220,310471019
2507145,222,312474166
2507145,224,309579927
2507145,226,311850119
2507145,228,309600453
2507145,230,311434961
2507145,232,311292280
2507145,234,311182605
2507145,236,311646061
2507145,238,311778075
2507145,240,310518109
2507145,242,311515456
2507145,244,310975730
2507145,246,311848710
2507145,248,311326290
2507145,250,312239721
2507145,252,311648879
2507145,254,310180830
2507145,256,312712635
2507145,258,311515658
2507145,260,312496705
2507145,262,310750139
2507145,264,310988005
2507145,266,310573853
2507145,268,310803065
2507145,270,311763384
2507145,272,311845088
2507145,274,308991902
2507145,276,310274608
2507145,278,311438784
2507145,280,310404610
2507145,282,309684571
2507145,284,309543703
2507145,286,312280572
2507145,288,313250149
2507145,290,310801657
2507145,292,310686145
2507145,294,310821579
2507145,296,311840258
2507145,298,314201211
3459860,2,964702440
3459860,4,693413925
3459860,6,690876889
3459860,8,650801278
3459860,10,653131239
3459860,12,651207582
3459860,14,654792076
3459860,16,611311680
3459860,18,610318358
3459860,20,611164373
3459860,22,609286598
3459860,24,611831283
3459860,26,610620219
3459860,28,609953107
3459860,30,609406941
3459860,32,604546784
3459860,34,568192109
3459860,36,563746508
3459860,38,566612774
3459860,40,568648723
3459860,42,566725066
3459860,44,564074127
3459860,46,567035178
3459860,48,566004626
3459860,50,564070304
3459860,52,567140024
3459860,54,568511678
3459860,56,829437722
3459860,58,878811441
3459860,60,636813866
3459860,62,1496528805
3459860,64,1034856642
3459860,66,608450445
3459860,68,827512858
3459860,70,680836202
3459860,72,751232496
3459860,74,781235825
3459860,76,788909522
3459860,78,579164136
3459860,80,576230051
3459860,82,659889092
3459860,84,532019958
3459860,86,523670495
3459860,88,528581364
3459860,90,546434202
3459860,92,566985270
3459860,94,530221473
3459860,96,549622050
3459860,98,523969136
3459860,100,524162326
3459860,102,527869174
3459860,104,522014287
3459860,106,550133200
3459860,108,584988032
3459860,110,526154607
3459860,112,522380343
3459860,114,525657945
3459860,116,654907588
3459860,118,633976981
3459860,120,525252043
3459860,122,565575984
3459860,124,629200540
3459860,126,561461222
3459860,128,606032542
3459860,130,546056272
3459860,132,524858216
3459860,134,604172678
3459860,136,560840597
3459860,138,515382210
3459860,140,510143722
3459860,142,490591208
3459860,144,508235762
3459860,146,479824446
3459860,148,525429940
3459860,150,502098333
3459860,152,506688223
3459860,154,545053894
3459860,156,595925244
3459860,158,487238342
3459860,160,567476900
3459860,162,482783081
3459860,164,481536196
3459860,166,504485245
3459860,168,496270613
3459860,170,562421742
3459860,172,479007611
3459860,174,479035785
3459860,176,488973638
3459860,178,483096211
3459860,180,540403430
3459860,182,712876485
3459860,184,533255172
3459860,186,506451968
3459860,188,503209985
3459860,190,496985620
3459860,192,510798357
3459860,194,502517919
3459860,196,501208046
3459860,198,498628547
3459860,200,537918716
3459860,202,503568193
3459860,204,502346261
3459860,206,503078172
3459860,208,534963501
3459860,210,495981633
3459860,212,497359324
3459860,214,505851264
3459860,216,502797442
3459860,218,497560161
3459860,220,493969430
3459860,222,502095516
3459860,224,512446113
3459860,226,498820127
3459860,228,529203599
3459860,230,499690894
3459860,232,494083936
3459860,234,501037998
3459860,236,497843709
3459860,238,498095058
3459860,240,495612557
3459860,242,515901208
3459860,244,499802985
3459860,246,497976326
3459860,248,497826201
3459860,250,492502387
3459860,252,497316259
3459860,254,497150838
3459860,256,499206106
3459860,258,493228463
3459860,260,495050493
3459860,262,495117103
3459860,264,496722599
3459860,266,497414866
3459860,268,478513968
3459860,270,453008362
3459860,272,444321620
3459860,274,452300801
3459860,276,445856078
3459860,278,448260699
3459860,280,452732059
3459860,282,449910267
3459860,284,445698708
3459860,286,446861677
3459860,288,449001062
3459860,290,455862353
3459860,292,478839575
3459860,294,451779991
3459860,296,448458518
3459860,298,457336841
4774606,2,1407115497
4774606,4,1047104332
4774606,6,1002432996
4774606,8,1021901190
4774606,10,980827831
4774606,12,954615870
4774606,14,938807635
4774606,16,941678730
4774606,18,937320669
4774606,20,942882953
4774606,22,898539035
4774606,24,883092830
4774606,26,878000845
4774606,28,889963579
4774606,30,889878857
4774606,32,878744429
4774606,34,886570466
4774606,36,885857471
4774606,38,883086793
4774606,40,882551494
4774606,42,886890035
4774606,44,887724780
4774606,46,893078981
4774606,48,816650506
4774606,50,811098084
4774606,52,811722331
4774606,54,819539513
4774606,56,820460791
4774606,58,820838319
4774606,60,827106554
4774606,62,819704933
4774606,64,815657989
4774606,66,811342188
4774606,68,811409604
4774606,70,817062043
4774606,72,812770592
4774606,74,809548332
4774606,76,819847009
4774606,78,819341694
4774606,80,815412677
4774606,82,832205180
4774606,84,812458066
4774606,86,925936099
4774606,88,938133882
4774606,90,816327918
4774606,92,775944008
4774606,94,754570269
4774606,96,751907255
4774606,98,744534009
4774606,100,750700015
4774606,102,750147811
4774606,104,758371096
4774606,106,769739768
4774606,108,751340562
4774606,110,749603858
4774606,112,757434120
4774606,114,752418607
4774606,116,749818984
4774606,118,752944649
4774606,120,755730419
4774606,122,778056227
4774606,124,870124700
4774606,126,839613844
4774606,128,774885283
4774606,130,755344844
4774606,132,749825424
4774606,134,777133339
4774606,136,781040018
4774606,138,755770064
4774606,140,750227300
4774606,142,757058405
4774606,144,748438475
4774606,146,743644326
4774606,148,749590375
4774606,150,746760332
4774606,152,751833199
4774606,154,745798604
4774606,156,751247992
4774606,158,747724475
4774606,160,758038446
4774606,162,755843919
4774606,164,877053205
4774606,166,942591557
4774606,168,876679099
4774606,170,756920555
4774606,172,814621803
4774606,174,753516172
4774606,176,750987184
4774606,178,748987660
4774606,180,743996295
4774606,182,749541876
4774606,184,739232533
4774606,186,693559020
4774606,188,684698809
4774606,190,686262447
4774606,192,687833531
4774606,194,678249257
4774606,196,709754442
4774606,198,680097851
4774606,200,689086654
4774606,202,682675337
4774606,204,683802485
4774606,206,685839843
4774606,208,684350060
4774606,210,680871419
4774606,212,681345541
4774606,214,686768164
4774606,216,685405968
4774606,218,679143368
4774606,220,686165047
4774606,222,692795514
4774606,224,685808650
4774606,226,688455363
4774606,228,680308952
4774606,230,688277869
4774606,232,682350736
4774606,234,681139672
4774606,236,680716464
4774606,238,682772738
4774606,240,682341278
4774606,242,680434727
4774606,244,684034314
4774606,246,686708194
4774606,248,679291279
4774606,250,688878169
4774606,252,686689277
4774606,254,678778922
4774606,256,678207399
4774606,258,686755687
4774606,260,686745826
4774606,262,686017336
4774606,264,679558124
4774606,266,735528101
4774606,268,684408621
4774606,270,685728959
4774606,272,680033655
4774606,274,677392576
4774606,276,683993261
4774606,278,689730825
4774606,280,684174377
4774606,282,680223425
4774606,284,688366214
4774606,286,680860351
4774606,288,683803491
4774606,290,683144630
4774606,292,682277284
4774606,294,678280248
4774606,296,686509570
4774606,298,684503002
6588956,2,1975800444
6588956,4,1471773020
6588956,6,1455958546
6588956,8,1394091220
6588956,10,1398147622
6588956,12,1399654711
6588956,14,1405381409
6588956,16,1310236171
6588956,18,1295183996
6588956,20,1297848016
6588956,22,1311136119
6588956,24,1298991665
6588956,26,1308356586
6588956,28,1306593318
6588956,30,1302798127
6588956,32,1218217002
6588956,34,1217057656
6588956,36,1225492646
6588956,38,1220005828
6588956,40,1220873173
6588956,42,1218443397
6588956,44,1217695387
6588956,46,1223676049
6588956,48,1219798349
6588956,50,1218266306
6588956,52,1217413248
6588956,54,1217489115
6588956,56,1224163856
6588956,58,1218617269
6588956,60,1221334819
6588956,62,1224279167
6588956,64,1198234437
6588956,66,1134305605
6588956,68,1128362978
6588956,70,1173091668
6588956,72,1132891691
6588956,74,1125522671
6588956,76,1123540655
6588956,78,1125954130
6588956,80,1132911413
6588956,82,1133880989
6588956,84,1182848605
6588956,86,1127753018
6588956,88,1135302953
6588956,90,1131878244
6588956,92,1124362722
6588956,94,1133464622
6588956,96,1114094029
6588956,98,1125468739
6588956,100,1121062581
6588956,102,1132545557
6588956,104,1132369070
6588956,106,1126301673
6588956,108,1129036126
6588956,110,1126087754
6588956,112,1131686462
6588956,114,1126672558
6588956,116,1124687323
6588956,118,1122583153
6588956,120,1128293550
6588956,122,1153331474
6588956,124,1127758653
6588956,126,1136064648
6588956,128,1040042405
6588956,130,1037622288
6588956,132,1044105649
6588956,134,1037962586
6588956,136,1041918167
6588956,138,1034413309
6588956,140,1025350450
6588956,142,1047704230
6588956,144,1030557142
6588956,146,1031936846
6588956,148,1039307676
6588956,150,1047566379
6588956,152,1039164192
6588956,154,1041557543
6588956,156,1037026617
6588956,158,1040651962
6588956,160,1043835987
6588956,162,1033718427
6588956,164,1034248091
6588956,166,1034875961
6588956,168,1031582059
6588956,170,1034425987
6588956,172,1044784433
6588956,174,1037873638
6588956,176,1037693125
6588956,178,1040576900
6588956,180,1031371159
6588956,182,1035766853
6588956,184,1033988491
6588956,186,1032001645
6588956,188,1029371433
6588956,190,1033496056
6588956,192,1039985655
6588956,194,1035465595
6588956,196,1030991821
6588956,198,1036918349
6588956,200,1040912367
6588956,202,1041463363
6588956,204,1034013445
6588956,206,1040926454
6588956,208,1030937084
6588956,210,1031391686
6588956,212,1041958818
6588956,214,1039895097
6588956,216,1034781580
6588956,218,1042324672
6588956,220,1036438392
6588956,222,1036663378
6588956,224,1036414645
6588956,226,1037806222
6588956,228,1037456466
6588956,230,1038846634
6588956,232,1035867875
6588956,234,1039045058
6588956,236,1038796928
6588956,238,1253202841
6588956,240,1181680606
6588956,242,1152193460
6588956,244,1197128018
6588956,246,1307705574
6588956,248,1147675814
6588956,250,1203785250
6588956,252,1049841201
6588956,254,1038782842
6588956,256,982490881
6588956,258,946474289
6588956,260,946018479
6588956,262,945867549
6588956,264,941265786
6588956,266,951107848
6588956,268,949862371
6588956,270,948943307
6588956,272,1037302718
6588956,274,960312180
6588956,276,941112642
6588956,278,944821904
6588956,280,947801871
6588956,282,948343812
6588956,284,946470666
6588956,286,935070199
6588956,288,942539436
6588956,290,949054593
6588956,292,948140357
6588956,294,945340098
6588956,296,948168129
6588956,298,945451384
9092759,2,2949275957
9092759,4,2094675140
9092759,6,2041170357
9092759,8,2019994639
9092759,10,1935195772
9092759,12,1919048246
9092759,14,1931247839
9092759,16,1928400086
9092759,18,1933102067
9092759,20,1915661370
9092759,22,1798183886
9092759,24,1809619169
9092759,26,1809676321
9092759,28,1810596190
9092759,30,1797955478
9092759,32,1812233079
9092759,34,1815120476
9092759,36,1804909942
9092759,38,1813765726
9092759,40,1815831660
9092759,42,1810062904
9092759,44,1690628759
9092759,46,1689575870
9092759,48,1688319526
9092759,50,1683134165
9092759,52,1687610154
9092759,54,1690663171
9092759,56,1676208277
9092759,58,1697110510
9092759,60,1687142874
9092759,62,2164956928
9092759,64,1821038150
9092759,66,1682200611
9092759,68,1696408181
9092759,70,1699603274
9092759,72,1693179481
9092759,74,1683699450
9092759,76,1680405949
9092759,78,1685491897
9092759,80,1686743210
9092759,82,1685223443
9092759,84,1719979063
9092759,86,1686536738
9092759,88,1565287606
9092759,90,1550124950
9092759,92,1556194359
9092759,94,1555008450
9092759,96,1559076322
9092759,98,1677639700
9092759,100,1558632588
9092759,102,1610153139
9092759,104,1558196701
9092759,106,1554617641
9092759,108,1559594516
9092759,110,1559305535
9092759,112,1548014341
9092759,114,1555655639
9092759,116,1555855671
9092759,118,1552655145
9092759,120,1554304108
9092759,122,1570084573
9092759,124,1556700479
9092759,126,1553034282
9092759,128,1563900054
9092759,130,1568826015
9092759,132,1554080933
9092759,134,1555002010
9092759,136,1569749910
9092759,138,1561629057
9092759,140,1562639887
9092759,142,1546921405
9092759,144,1559105502
9092759,146,1579405624
9092759,148,1549151349
9092759,150,1551434219
9092759,152,1559878064
9092759,154,1548265489
9092759,156,1552306194
9092759,158,1587365888
9092759,160,1546372622
9092759,162,1556094343
9092759,164,1565211336
9092759,166,1560764125
9092759,168,1554683648
9092759,170,1551244450
9092759,172,1546479682
9092759,174,1559984118
9092759,176,1488846051
9092759,178,1417004448
9092759,180,1426047989
9092759,182,1435677140
9092759,184,1422886100
9092759,186,1433538759
9092759,188,1428086957
9092759,190,1435450543
9092759,192,1432368345
9092759,194,1427683470
9092759,196,1435840144
9092759,198,1423446354
9092759,200,1427626720
9092759,202,1437720332
9092759,204,1430397397
9092759,206,1431957010
9092759,208,1444755092
9092759,210,1437771448
9092759,212,1439000020
9092759,214,1429858475
9092759,216,1428944643
9092759,218,1430126528
9092759,220,1434066612
9092759,222,1444201882
9092759,224,1429327402
9092759,226,1428698526
9092759,228,1436294746
9092759,230,1601064521
9092759,232,1451195791
9092759,234,1422732353
9092759,236,1426123052
9092759,238,1432815300
9092759,240,1429335250
9092759,242,1424826661
9092759,244,1429986464
9092759,246,1437272975
9092759,248,1424644941
9092759,250,1423631897
9092759,252,1427118990
9092759,254,1426994221
9092759,256,1429262603
9092759,258,1436159110
9092759,260,1430770497
9092759,262,1466487643
9092759,264,1450678200
9092759,266,1437058252
9092759,268,1446442896
9092759,270,1437891186
9092759,272,1435636288
9092759,274,1429578751
9092759,276,1438210755
9092759,278,1431278025
9092759,280,1439692287
9092759,282,1438746055
9092759,284,1437686524
9092759,286,1426656943
9092759,288,1420503616
9092759,290,1425561792
9092759,292,1450349775
9092759,294,1433878050
9092759,296,1423860305
9092759,298,1477771794
